{"cameraMode":{"drawMode":0,"name":"Shaded","section":"Shading Mode"},"sceneLighting":true,"audioPlay":false,"sceneViewState":{"m_AlwaysRefresh":false,"showFog":true,"showSkybox":true,"showFlares":true,"showImageEffects":true,"showParticleSystems":true,"showVisualEffectGraphs":true,"m_FxEnabled":true},"in2DMode":false,"pivot":{"x":-1.3376357555389405,"y":0.07120609283447266,"z":8.036864280700684},"rotation":{"x":0.1139461025595665,"y":-0.04469531401991844,"z":0.005144334863871336,"w":0.9924813508987427},"size":4.701287746429443,"orthographic":false}